id,title,status,duration_s,evidence,notes
TD-06,"TD-06 alerts close themselves when the issue is fixed (partial, unpaid, refund)",pass,2.9,"docs/rehearsal/evidence-2026-10-03/TD-06",""
TD-02,"TD-02 'Cần xử lý' on the owner overview counts only open items",pass,1.0,"docs/rehearsal/evidence-2026-10-03/TD-02",""
TD-09,"TD-09 'Cần xử lý' on Transactions counts only transfers still waiting for the owner",pass,0.3,"docs/rehearsal/evidence-2026-10-03/TD-09",""
GT-02,"GT-02 front desk and housekeeping see indicators only, never the number or the photo",pass,1.4,"docs/rehearsal/evidence-2026-10-03/GT-02",""
GT-03,"GT-03 the owner sees a masked number, and a reveal is written to the activity log without the number",pass,0.0,"docs/rehearsal/evidence-2026-10-03/GT-03",""
GT-08,"GT-08 no ID number appears in the container logs",pass,0.2,"docs/rehearsal/evidence-2026-10-03/GT-08",""
TT-01,"TT-01 exact transfer pays the bill and the room goes to clean",pass,0.0,"docs/rehearsal/evidence-2026-10-03/TT-01",""
TT-02,"TT-02 transfer without the bill code is unmatched and alerts the owner",pass,0.0,"docs/rehearsal/evidence-2026-10-03/TT-02",""
TT-03,"TT-03 owner links an unmatched transfer of the exact amount and the bill is paid",pass,0.0,"docs/rehearsal/evidence-2026-10-03/TT-03",""
TT-04,"TT-04 linking money of a different amount is refused",pass,0.0,"docs/rehearsal/evidence-2026-10-03/TT-04",""
TT-06,"TT-06 a transfer that is already linked cannot be linked again",pass,0.0,"docs/rehearsal/evidence-2026-10-03/TT-06",""
TT-05,"TT-05 a receptionist cannot link a transfer",pass,0.0,"docs/rehearsal/evidence-2026-10-03/TT-05",""
TT-07,"TT-07 short transfer, then a QR for the remainder with the same bill code",pass,0.0,"docs/rehearsal/evidence-2026-10-03/TT-07",""
TT-08,"TT-08 the top-up of the remainder pays the bill, with both transfers on the receipt",fail,0.0,"docs/rehearsal/evidence-2026-10-03/TT-08","Error: both transfers, in two lines  expect(received).toEqual(expected) // deep equality"
TT-14,"TT-14 cash payment: paid, on the owner's transactions as cash, and in the shift",pass,0.9,"docs/rehearsal/evidence-2026-10-03/TT-14",""
BM-01,"BM-01 a webhook without a valid signature is refused and pays nothing",pass,0.0,"docs/rehearsal/evidence-2026-10-03/BM-01",""
BM-02,"BM-02 a wrong hook id is refused",pass,0.0,"docs/rehearsal/evidence-2026-10-03/BM-02",""
TT-10,"TT-10 overpaid transfer pays the bill and alerts the owner",pass,0.2,"docs/rehearsal/evidence-2026-10-03/TT-10",""
TT-11,"TT-11 an outgoing transfer is ignored",pass,0.0,"docs/rehearsal/evidence-2026-10-03/TT-11",""
TT-12,"TT-12 the same delivery twice is counted once",pass,0.0,"docs/rehearsal/evidence-2026-10-03/TT-12",""
TT-13,"TT-13 deposit larger than the bill is refunded in cash and lands on the shift",pass,0.3,"docs/rehearsal/evidence-2026-10-03/TT-13",""
TT-23,"TT-23 leave the payment screen, reload, resume with the same bill code and no second payment",pass,4.2,"docs/rehearsal/evidence-2026-10-03/TT-23",""
TT-26,"TT-26 the reopened checkout shows the real deposit",pass,0.2,"docs/rehearsal/evidence-2026-10-03/TT-26",""
TT-24,"TT-24 a finished stay is read-only in the app and in the API",pass,0.2,"docs/rehearsal/evidence-2026-10-03/TT-24",""
TT-25,"TT-25 transactions show the bank time and a negative cash refund line",pass,0.1,"docs/rehearsal/evidence-2026-10-03/TT-25",""
TT-17,"TT-17 a signed webhook for an account that is not the guesthouse's is ignored, never unmatched or linkable",fail,0.0,"docs/rehearsal/evidence-2026-10-03/TT-17","Error: not in the unmatched list  expect(received).toBe(expected) // Object.is equality"
DP-01,"DP-01 a receptionist marks a room clean and it is vacant again",pass,0.7,"docs/rehearsal/evidence-2026-10-03/DP-01",""
DP-02,"DP-02 the owner marks a room clean and it is vacant again",pass,0.2,"docs/rehearsal/evidence-2026-10-03/DP-02",""
DP-09,"DP-09 the to-clean screens offer clean, set maintenance and report damage",pass,0.5,"docs/rehearsal/evidence-2026-10-03/DP-09",""
DP-04,"DP-04 a damage report that locks the room makes it maintenance, with a ticket and an alert",pass,0.0,"docs/rehearsal/evidence-2026-10-03/DP-04",""
DP-05,"DP-05 locking a room that has a guest is refused",pass,0.0,"docs/rehearsal/evidence-2026-10-03/DP-05",""
DP-06,"DP-06 a done ticket with a cost becomes a maintenance expense and reopens the room",pass,0.0,"docs/rehearsal/evidence-2026-10-03/DP-06",""
CA-01,"CA-01 the cash left in the drawer is the opening float of the next shift",pass,0.7,"docs/rehearsal/evidence-2026-10-03/CA-01",""
CA-02,"CA-02 a cash payout needs a note and leaves the drawer",pass,0.6,"docs/rehearsal/evidence-2026-10-03/CA-02",""
CA-03,"CA-03 closing with the exact cash needs no reason",pass,0.6,"docs/rehearsal/evidence-2026-10-03/CA-03",""
CA-06,"CA-06 a closed shift is locked; more cash opens a new one",pass,0.6,"docs/rehearsal/evidence-2026-10-03/CA-06",""
CA-04,"CA-04 closing short needs a reason and tells the owner",pass,0.6,"docs/rehearsal/evidence-2026-10-03/CA-04",""
CA-05,"CA-05 closing with an invoice that is not fully paid needs a reason",pass,0.6,"docs/rehearsal/evidence-2026-10-03/CA-05",""
CA-07,"CA-07 cash the owner moves on an open shift lands on it, marked by owner",pass,0.6,"docs/rehearsal/evidence-2026-10-03/CA-07",""
CA-10,"CA-10 the shift screen and the owner overview show the same expected cash",pass,1.1,"docs/rehearsal/evidence-2026-10-03/CA-10",""
CA-12,"CA-12 a float left in the drawer is not counted twice by the owner overview",pass,0.7,"docs/rehearsal/evidence-2026-10-03/CA-12",""
UI-01,"UI-01 every screen of every role reads like a finished product",fail,233.6,"docs/rehearsal/evidence-2026-10-03/UI-01","Error: 8 problems — activity/alerts list: 8  expect(received).toBe(expected) // Object.is equality"
VH-06,"VH-06 restarting the API keeps people signed in",pass,1.3,"docs/rehearsal/evidence-2026-10-03/VH-06",""
VH-05,"VH-05 /readyz and /healthz answer 200",pass,0.0,"docs/rehearsal/evidence-2026-10-03/VH-05",""
BM-03,"BM-03 PINs, the SePay secret, bank account numbers and session tokens are not in the logs",pass,0.4,"docs/rehearsal/evidence-2026-10-03/BM-03",""
DN-07,"DN-07 a page the role may not open shows the no-permission screen and keeps the person signed in",pass,0.2,"docs/rehearsal/evidence-2026-10-03/DN-07",""
DN-06,"DN-06 the manager lands on the room map",pass,1.1,"docs/rehearsal/evidence-2026-10-03/DN-06",""
DN-05,"DN-05 the manager cannot act on the owner's own matters",pass,0.6,"docs/rehearsal/evidence-2026-10-03/DN-05",""
DN-01,"DN-01 five wrong PINs lock the account and alert the owner; the owner unlocks it",pass,1.3,"docs/rehearsal/evidence-2026-10-03/DN-01",""
DN-09,"DN-09 changing the PIN, locking or removing a person ends their other sessions",pass,59.7,"docs/rehearsal/evidence-2026-10-03/DN-09",""
DN-13,"DN-13 a second browser tab keeps the session through the cookie",pass,1.1,"docs/rehearsal/evidence-2026-10-03/DN-13",""
DN-15,"DN-15 a cookie-authenticated write without X-Requested-With is rejected (CSRF)",pass,0.0,"docs/rehearsal/evidence-2026-10-03/DN-15",""
CD-10,"CD-10 a receptionist asking for stays older than the front-desk days is refused",pass,0.0,"docs/rehearsal/evidence-2026-10-03/CD-10",""
GT-06,"GT-06 a receptionist's stay list carries ID indicator flags, never the number",pass,0.0,"docs/rehearsal/evidence-2026-10-03/GT-06",""
DN-12,"DN-12 a manager sees only the buildings they have access to, with VIEW or more",pass,0.0,"docs/rehearsal/evidence-2026-10-03/DN-12",""
DN-16,"DN-16 hitting the sign-in rate limit is not shown as a locked account",pass,66.7,"docs/rehearsal/evidence-2026-10-03/DN-16",""
DN-02,"DN-02 a wrong code, user name or PIN all get the same answer",pass,0.8,"docs/rehearsal/evidence-2026-10-03/DN-02",""
DN-03,"DN-03 a PIN that is easy to guess is refused",pass,0.8,"docs/rehearsal/evidence-2026-10-03/DN-03",""
TT-09,"TT-09 a short transfer raises one partial alert after 15 minutes, and only one",pass,1.7,"docs/rehearsal/evidence-2026-10-03/TT-09",""
TT-20,"TT-20 a bill nobody paid raises one unpaid alert 30 minutes after check-out, and only one",pass,1.7,"docs/rehearsal/evidence-2026-10-03/TT-20",""
TT-27,"TT-27 a deposit nobody gave back raises one refund alert 30 minutes after check-out, and no unpaid alert",pass,1.6,"docs/rehearsal/evidence-2026-10-03/TT-27",""
BM-04,"BM-04 a webhook that arrives 6 minutes late is refused, a fresh delivery of the same transfer is accepted",pass,2.6,"docs/rehearsal/evidence-2026-10-03/BM-04",""
BM-06,"BM-06 SePay's own retry schedule after a missed delivery",skip,0.0,"docs/rehearsal/evidence-2026-10-03/BM-06","manual: SePay real retry behaviour (retry schedule and whether it re-signs each attempt) needs a SePay test transfer"
VH-08,"VH-08 the backdate helper refuses to run anywhere but the rehearsal stack",pass,0.0,"docs/rehearsal/evidence-2026-10-03/VH-08",""
